{
    "token_endpoint_auth_method":"client_secret_basic",
    "client_id": "245e1480d9904cb9dc39d05d52dc80fe",
    "client_secret": "8c9537036db8067546f6a6211e494c7d",
    "scope":"openid profile email",
    "grant_types":[
       "authorization_code",
       "client_credentials",
       "password",
       "implicit",
       "refresh_token",
       "urn:ietf:params:oauth:grant-type:jwt-bearer"
    ],
    "response_types":[
       "code",
       "token",
       "id_token token"
    ],
    "application_type":"web",
    "subject_type":"public",
    "post_logout_redirect_uris":[
               "https://mycluster.icp:8443/console/logout",
       "https://10.0.0.1:8443/console/logout"    ],
    "preauthorized_scope":"openid profile email general",
    "introspect_tokens":true,
    "trusted_uri_prefixes":[
              "https://mycluster.icp:8443",
       "https://10.0.0.1:8443"    ],
    "redirect_uris":[
               "https://mycluster.icp:8443/auth/liberty/callback",
       "https://10.0.0.1:8443/auth/liberty/callback"    ]
 }
